Company,Debt Ratio
Apple,0.8413528018696675
Microsoft,0.5062492566063287
Tesla,0.4141237754893967
