Company,Profit Margin
Apple,0.24862376913154627
Microsoft,0.3559618254530528
Tesla,0.1274860279818985
